DonorID,Name,BloodGroup,Age,Phone,Available,Eligible,LocationID
D001,Amal Perera,B-,24,783197857,Unavailable,No,L001
D002,Saman Peris,A+,31,741227216,Unavailable,No,L002
D003,Hiruni Peris,B-,46,789089901,Available,Yes,L003
D004,Tharushi Perera,O+,31,755176955,Available,Yes,L004
D005,Amal Silva,A-,20,771662963,Unavailable,No,L004
D006,Malsha Silva,A-,54,735808537,Unavailable,Yes,L003
D007,Saman Perera,AB+,42,747308985,Available,Yes,L005
D008,Chathura Wijesinghe,AB-,59,719583482,Unavailable,No,L004
D009,Dinithi Fernando,B+,58,784752529,Unavailable,No,L006
D010,Nadeesha Wijesinghe,B-,35,718883684,Unavailable,Yes,L002
D011,Anjali Peris,B-,27,745551614,Unavailable,Yes,L006
D012,Kamal Jayasinghe,O+,32,728566572,Unavailable,No,L007
D013,Hiruni Gunasekara,A+,58,731472420,Unavailable,No,L005
D014,Sanduni Peris,O+,51,743744231,Unavailable,No,L008
D015,Malsha Perera,AB+,36,768353204,Unavailable,No,L004
D016,Sithumini Gunasekara,AB+,58,750056581,Available,Yes,L003
D017,Hiruni Peris,B+,52,781182864,Unavailable,No,L004
D018,Kasun Peris,O-,41,751273847,Unavailable,No,L002
D019,Nadeesha Perera,A-,52,726879290,Available,Yes,L005
D020,Kamal Gunasekara,AB+,31,782383095,Unavailable,Yes,L003
D021,Anjali Bandara,AB-,25,743273328,Unavailable,Yes,L006
D022,Nadeesha Silva,A+,55,739557077,Available,Yes,L007
D023,Kasun Silva,B-,39,719510312,Unavailable,No,L005
D024,Hiruni Jayasinghe,O-,54,787337818,Available,No,L001
D025,Nipun Jayasinghe,O+,24,798447167,Unavailable,No,L001
D026,Sanduni Wijesinghe,O+,59,796728778,Unavailable,No,L006
D027,Amal Perera,AB-,30,781979055,Available,No,L005
D028,Chathura Fernando,B+,22,769476001,Available,Yes,L009
D029,Malsha Silva,A+,44,775181648,Available,Yes,L005
D030,Nipun Jayasinghe,A+,42,745594951,Available,No,L010
D031,Chathura Bandara,O-,31,717849494,Unavailable,No,L010
D032,Supun De Silva,AB-,55,773993471,Unavailable,No,L002
D033,Hiruni De Silva,A+,29,719196777,Unavailable,No,L003
D034,Dinithi Silva,O+,55,789795010,Available,Yes,L005
D035,Nimal Peris,O+,34,737415205,Unavailable,No,L007
D036,Ayesha Jayasinghe,O+,47,752436584,Unavailable,No,L010
D037,Saman Perera,A-,50,745594597,Available,Yes,L005
D038,Kamal Wijesinghe,B-,46,782909480,Available,Yes,L004
D039,Dilshan Peris,AB+,34,725492573,Unavailable,No,L005
D040,Amal De Silva,AB+,39,737326368,Available,No,L009
D041,Tharushi De Silva,AB+,58,766851377,Unavailable,No,L002
D042,Tharushi Perera,AB-,28,769302158,Unavailable,Yes,L010
D043,Malsha Ranasinghe,A-,52,714835614,Available,Yes,L005
D044,Ruwan Peris,O+,37,758942697,Unavailable,No,L010
D045,Nimal Wijesinghe,B-,57,730743797,Unavailable,Yes,L005
D046,Nadeesha Fernando,O+,44,799913412,Unavailable,Yes,L002
D047,Nadeesha Bandara,A-,48,739854548,Unavailable,No,L008
D048,Anjali Gunasekara,AB+,60,735921441,Available,No,L001
D049,Ishara Wijesinghe,A-,52,754446182,Unavailable,No,L009
D050,Kasun Silva,B+,24,790070438,Available,No,L007
D051,Sanduni Wijesinghe,O+,42,787388337,Available,Yes,L007
D052,Anjali Bandara,O+,41,767887757,Available,Yes,L002
D053,Saman Wijesinghe,A-,60,764813568,Unavailable,No,L009
D054,Ayesha Ranasinghe,B+,29,792613013,Unavailable,Yes,L001
D055,Supun Bandara,A+,45,787844239,Available,No,L009
D056,Dinithi Wijesinghe,O-,50,773509974,Available,No,L006
D057,Sithumini Silva,AB-,32,736726767,Unavailable,Yes,L005
D058,Kamal Perera,B-,47,765625330,Available,Yes,L006
D059,Supun Jayasinghe,O-,59,710744212,Available,No,L008
D060,Amal Ranasinghe,B+,53,743446826,Available,Yes,L003
D061,Amal Gunasekara,O-,46,792228802,Unavailable,Yes,L003
D062,Hiruni Ranasinghe,B+,33,795585469,Unavailable,Yes,L006
D063,Tharushi De Silva,B-,36,741473195,Available,No,L009
D064,Tharushi Wijesinghe,A-,32,761410126,Unavailable,No,L010
D065,Kamal Jayasinghe,O+,44,718357162,Unavailable,Yes,L008
D066,Anjali Ranasinghe,A+,18,757212267,Unavailable,Yes,L007
D067,Dilshan Ranasinghe,B-,45,775181765,Unavailable,Yes,L006
D068,Kasun Ranasinghe,O+,57,781688860,Available,Yes,L010
D069,Kasun Ranasinghe,A-,47,734391257,Unavailable,No,L008
D070,Nimal Bandara,AB-,39,760885459,Unavailable,No,L001
D071,Tharushi Ranasinghe,A-,52,716990811,Unavailable,No,L006
D072,Ruwan Jayasinghe,A+,19,793394260,Available,No,L002
D073,Kamal Jayasinghe,O-,47,744392446,Available,Yes,L005
D074,Ruwan Fernando,B+,55,713446499,Unavailable,No,L009
D075,Dilshan Peris,O+,55,794187049,Unavailable,No,L001
D076,Nadeesha Silva,A-,40,781503856,Unavailable,No,L007
D077,Sanduni Wijesinghe,AB-,24,768186525,Unavailable,No,L002
D078,Ruwan Gunasekara,O+,57,782232344,Unavailable,Yes,L010
D079,Nipun Gunasekara,AB+,35,770505620,Available,Yes,L004
D080,Nadeesha Gunasekara,AB-,29,775437844,Unavailable,No,L002
D081,Anjali Wijesinghe,AB-,53,711362459,Unavailable,Yes,L009
D082,Hiruni Jayasinghe,B-,48,796691619,Available,No,L008
D083,Nipun Gunasekara,A-,33,751098277,Unavailable,Yes,L009
D084,Supun Wijesinghe,AB-,40,770900658,Unavailable,Yes,L008
D085,Tharushi Bandara,B-,25,781922443,Unavailable,No,L005
D086,Sithumini Jayasinghe,O-,24,736054020,Unavailable,Yes,L009
D087,Dilshan Jayasinghe,B+,52,726989677,Unavailable,No,L009
D088,Tharushi Perera,AB+,24,711646234,Unavailable,Yes,L010
D089,Supun Bandara,O-,21,743887075,Available,Yes,L006
D090,Nipun Silva,O+,54,794482772,Unavailable,No,L006
D091,Nimal Fernando,AB+,53,765857931,Available,Yes,L005
D092,Dinithi Peris,O+,55,767556566,Unavailable,Yes,L006
D093,Dilshan Peris,A-,34,798641164,Available,No,L001
D094,Saman Fernando,B+,28,710359129,Unavailable,No,L003
D095,Sanduni Gunasekara,AB+,36,770939053,Unavailable,Yes,L002
D096,Saman Jayasinghe,B-,52,740173413,Unavailable,No,L008
D097,Kamal Bandara,A-,37,789865458,Unavailable,No,L002
D098,Supun Bandara,A-,43,746540265,Unavailable,Yes,L006
D099,Hiruni De Silva,O-,45,753261270,Available,No,L005
D100,Dinithi Bandara,A-,35,787342561,Available,Yes,L001
D101,Nimal Fernando,O-,58,775998319,Unavailable,No,L009
D102,Saman Gunasekara,O+,28,754265498,Available,Yes,L004
D103,Sanduni Gunasekara,O+,47,721819185,Unavailable,No,L003
D104,Ayesha Bandara,A-,60,782825679,Available,Yes,L008
D105,Chathura Ranasinghe,B-,58,769329732,Unavailable,No,L003
D106,Nimal Jayasinghe,B+,25,713874790,Unavailable,No,L009
D107,Dinithi Jayasinghe,AB+,53,764759583,Unavailable,No,L003
D108,Saman Jayasinghe,O-,49,749172995,Available,Yes,L005
D109,Hiruni Bandara,O-,53,729413516,Unavailable,Yes,L006
D110,Ishara Jayasinghe,A-,50,745859307,Unavailable,Yes,L009
D111,Kasun Bandara,O-,40,754619335,Unavailable,No,L010
D112,Malsha De Silva,O-,54,761401477,Available,Yes,L004
D113,Nadeesha Ranasinghe,AB-,42,799078806,Unavailable,Yes,L006
D114,Kamal Gunasekara,B+,24,769096899,Unavailable,Yes,L003
D115,Amal De Silva,A+,22,773013961,Available,No,L010
D116,Tharushi Wijesinghe,A-,38,794127561,Unavailable,Yes,L004
D117,Nipun De Silva,A-,32,722130508,Unavailable,Yes,L001
D118,Sanduni Silva,O-,19,716172803,Unavailable,Yes,L010
D119,Ayesha Perera,AB-,33,781291936,Available,Yes,L004
D120,Sanduni Peris,B+,57,761344226,Unavailable,No,L010
D121,Dinithi Jayasinghe,B+,47,744269370,Unavailable,No,L001
D122,Kasun Gunasekara,B+,55,750151803,Unavailable,Yes,L005
D123,Sanduni Bandara,AB+,24,741837210,Unavailable,No,L001
D124,Ishara Peris,AB+,60,763124147,Unavailable,No,L009
D125,Tharushi Perera,O-,32,795445405,Unavailable,Yes,L009
D126,Anjali Peris,B+,37,769166287,Available,No,L005
D127,Nimal Peris,B+,44,733574011,Unavailable,No,L005
D128,Anjali Fernando,AB+,36,755461591,Unavailable,Yes,L010
D129,Amal Gunasekara,B+,53,759093496,Unavailable,Yes,L001
D130,Saman Ranasinghe,AB+,47,759470729,Unavailable,No,L003
D131,Tharushi Peris,AB-,48,713358751,Available,No,L005
D132,Dinithi De Silva,B-,37,797139443,Unavailable,No,L005
D133,Sanduni Silva,A+,25,723044889,Unavailable,Yes,L002
D134,Nadeesha De Silva,O+,55,730739712,Unavailable,No,L006
D135,Sanduni Silva,O+,41,739161443,Unavailable,No,L009
D136,Chathura Gunasekara,AB-,52,796547189,Unavailable,Yes,L005
D137,Ruwan Perera,AB+,47,722304198,Unavailable,No,L001
D138,Anjali Peris,A+,54,737542226,Available,Yes,L004
D139,Saman De Silva,B-,56,710380581,Available,Yes,L001
D140,Tharushi Fernando,AB+,60,713460153,Unavailable,No,L010
D141,Kamal Perera,B-,29,745617024,Available,Yes,L007
D142,Nimal Fernando,A-,41,778885632,Unavailable,No,L005
D143,Supun Silva,B-,60,779987997,Unavailable,No,L007
D144,Dilshan Gunasekara,A+,24,775802771,Unavailable,Yes,L006
D145,Chathura Silva,AB-,22,726937148,Unavailable,No,L007
D146,Tharushi Peris,O+,47,777853916,Unavailable,No,L007
D147,Dinithi Ranasinghe,A-,46,740667888,Unavailable,Yes,L003
D148,Sanduni Wijesinghe,O+,38,767279295,Unavailable,No,L008
D149,Ayesha Bandara,B+,23,721457410,Unavailable,No,L006
D150,Saman Ranasinghe,AB-,55,785374852,Available,No,L010
D151,Malsha Wijesinghe,O+,21,748604965,Unavailable,No,L004
D152,Dinithi Bandara,A-,27,798145654,Available,Yes,L007
D153,Nipun Jayasinghe,AB-,35,787054398,Available,No,L003
D154,Nadeesha Ranasinghe,AB+,37,755610493,Unavailable,Yes,L002
D155,Ruwan Perera,B+,22,729042093,Unavailable,No,L007
D156,Kasun Silva,O+,28,759667685,Unavailable,Yes,L008
D157,Dilshan Wijesinghe,A+,57,716679008,Unavailable,No,L010
D158,Saman Bandara,O+,44,746663833,Unavailable,No,L006
D159,Anjali De Silva,AB-,36,789609131,Unavailable,No,L008
D160,Nipun De Silva,A+,18,737437207,Available,No,L001
D161,Dilshan Jayasinghe,AB+,18,776757928,Available,Yes,L009
D162,Sanduni Fernando,O+,50,784990607,Available,Yes,L003
D163,Ruwan Silva,A+,47,720450542,Unavailable,No,L008
D164,Ayesha Peris,O+,43,712799319,Available,No,L008
D165,Ayesha Fernando,AB-,33,768475513,Available,Yes,L005
D166,Supun Ranasinghe,O+,39,732566390,Available,Yes,L009
D167,Saman De Silva,B-,33,723798190,Available,Yes,L004
D168,Kamal Bandara,B+,59,720113745,Unavailable,No,L007
D169,Sithumini Gunasekara,O-,58,752431444,Unavailable,No,L007
D170,Kamal Gunasekara,O-,35,789379016,Unavailable,Yes,L006
D171,Nimal Wijesinghe,AB+,21,759491122,Available,Yes,L006
D172,Dilshan Silva,O+,46,786726461,Available,Yes,L006
D173,Anjali Wijesinghe,B+,39,721318464,Available,Yes,L002
D174,Hiruni Fernando,B-,41,760043345,Available,Yes,L006
D175,Dilshan Ranasinghe,AB-,58,796879854,Unavailable,No,L007
D176,Ayesha Silva,A-,36,743822301,Unavailable,No,L003
D177,Dinithi Fernando,A-,40,751638598,Available,Yes,L007
D178,Ishara Fernando,AB+,26,799941500,Unavailable,Yes,L003
D179,Hiruni Silva,AB-,29,738748452,Unavailable,No,L002
D180,Ayesha Gunasekara,B-,22,749700543,Unavailable,No,L010
D181,Amal De Silva,AB-,56,760562485,Unavailable,No,L007
D182,Kamal Fernando,B+,44,758895439,Unavailable,No,L006
D183,Nadeesha Gunasekara,O-,37,772950208,Available,No,L001
D184,Anjali Wijesinghe,O-,28,736802975,Unavailable,Yes,L009
D185,Dinithi Fernando,A+,51,726733967,Available,Yes,L006
D186,Dilshan Silva,AB+,45,722309586,Available,Yes,L006
D187,Nadeesha Gunasekara,A+,43,777378254,Unavailable,No,L008
D188,Ruwan Jayasinghe,A-,38,723298711,Available,No,L004
D189,Ayesha Fernando,A+,48,770210270,Available,Yes,L009
D190,Dinithi Perera,A+,53,791722503,Available,No,L009
D191,Hiruni Ranasinghe,AB+,21,742002808,Available,Yes,L001
D192,Sanduni Peris,A-,58,779172559,Available,No,L005
D193,Supun Jayasinghe,AB+,57,757354167,Unavailable,No,L008
D194,Nadeesha Peris,B+,22,780606503,Unavailable,No,L005
D195,Malsha De Silva,O+,58,761926331,Unavailable,No,L006
D196,Ruwan Bandara,AB-,60,794323222,Available,Yes,L005
D197,Amal Peris,B+,59,733500064,Unavailable,No,L002
D198,Chathura Gunasekara,B+,36,737057085,Available,Yes,L005
D199,Nimal Jayasinghe,AB-,52,773538641,Unavailable,Yes,L009
D200,Tharushi Perera,AB+,59,754550177,Unavailable,No,L004
